StartDate,EndDate,Status,IPAddress,Progress,Duration (in seconds),Finished,RecordedDate,ResponseId,RecipientLastName,RecipientFirstName,RecipientEmail,ExternalReference,LocationLatitude,LocationLongitude,DistributionChannel,UserLanguage,Unspecified,Expanded,Age,Gender,Gender_3_TEXT,Employment,Employment_9_TEXT,SESLadder,PROLIFIC_PID,STUDY_ID,SESSION_ID
Start Date,End Date,Response Type,IP Address,Progress,Duration (in seconds),Finished,Recorded Date,Response ID,Recipient Last Name,Recipient First Name,Recipient Email,External Data Reference,Location Latitude,Location Longitude,Distribution Channel,User Language,Imagine the following situation. You arrive at work one day and find that you have some unscheduled time.  You decide to:,"Imagine the following situation.  You arrive at work one day and find out that your employer has many opportunities for you in the years ahead.  The company would like you to stay with them for considerably longer than you had planned.  After thinking this over, you find that you have some unscheduled time today.  You decide to:",What is your current age (in years)?,Please indicate your gender. - Selected Choice,Please indicate your gender. - Other (please describe) - Text,What best describes your current employment status? - Selected Choice,What best describes your current employment status? - Not working - other (please explain) - Text,"Think of this ladder as representing where people stand in the United States. At the top of the ladder are the people who are the best off - those who have the most money, the most education and the most respected jobs. At the bottom are the people who are the worst off - who have the least money, least education, and the least respected jobs or no job. The higher up you are on this ladder, the closer you are to the people at the very top; the lower you are, the closer you are to the people at the very bottom.


Please select the number on the rung where you think you stand at this time in your life, relative to
other people in the United States.",PROLIFIC_PID,STUDY_ID,SESSION_ID
"{""ImportId"":""startDate"",""timeZone"":""America/Los_Angeles""}","{""ImportId"":""endDate"",""timeZone"":""America/Los_Angeles""}","{""ImportId"":""status""}","{""ImportId"":""ipAddress""}","{""ImportId"":""progress""}","{""ImportId"":""duration""}","{""ImportId"":""finished""}","{""ImportId"":""recordedDate"",""timeZone"":""America/Los_Angeles""}","{""ImportId"":""_recordId""}","{""ImportId"":""recipientLastName""}","{""ImportId"":""recipientFirstName""}","{""ImportId"":""recipientEmail""}","{""ImportId"":""externalDataReference""}","{""ImportId"":""locationLatitude""}","{""ImportId"":""locationLongitude""}","{""ImportId"":""distributionChannel""}","{""ImportId"":""userLanguage""}","{""ImportId"":""QID2""}","{""ImportId"":""QID3""}","{""ImportId"":""QID5_TEXT""}","{""ImportId"":""QID6""}","{""ImportId"":""QID6_3_TEXT""}","{""ImportId"":""QID9""}","{""ImportId"":""QID9_10_TEXT""}","{""ImportId"":""QID7""}","{""ImportId"":""PROLIFIC_PID""}","{""ImportId"":""STUDY_ID""}","{""ImportId"":""SESSION_ID""}"
2022-10-28 08:51:20,2022-10-28 08:52:33,IP Address,172.58.187.91,100,72,True,2022-10-28 08:52:33,R_1E7ndR2rlnnQxxy,,,,,39.0157,-77.0085,anonymous,EN,,Help a colleague or friend with a company project,27,Female,,,,6,,,
2022-10-28 08:54:12,2022-10-28 08:54:30,IP Address,172.58.187.224,100,18,True,2022-10-28 08:54:31,R_1QJG7CATEgiT9fy,,,,,39.0157,-77.0085,anonymous,EN,,Help a colleague or friend with a company project,27,Female,,,,6,,,
2022-10-28 09:41:32,2022-10-28 09:42:26,IP Address,174.193.141.0,100,53,True,2022-10-28 09:42:26,R_1I5hh0XPnwyqZp4,,,,,34.0447,-118.2946,anonymous,EN,,Work on a company project that may help you advance your career,24,Other (please describe),Nonbinary,,,4,,,
2022-10-28 09:40:13,2022-10-28 09:43:09,IP Address,135.180.163.152,100,175,True,2022-10-28 09:43:09,R_Z8gIZa5P6lSIKTn,,,,,37.8371,-122.2773,anonymous,EN,Help a colleague or friend with a company project,,22,Female,,,,7,,,
2022-10-28 09:51:10,2022-10-28 09:53:22,IP Address,76.132.189.8,100,131,True,2022-10-28 09:53:22,R_1pQI9fG3fEp7XQE,,,,,37.4651,-122.143,anonymous,EN,,Work on a company project that may help you advance your career,28,Female,,,,7,,,
2022-10-28 10:41:13,2022-10-28 10:42:52,IP Address,163.114.132.134,100,99,True,2022-10-28 10:42:52,R_3hFrPf18IO8PMNL,,,,,37.4073,-121.939,anonymous,EN,,Work on a company project that may lead the company in a new direction,25,Female,,,,5,,,
2022-10-28 12:45:37,2022-10-28 12:46:56,IP Address,67.170.236.88,100,79,True,2022-10-28 12:46:56,R_2CglZ34qqVjwZ1T,,,,,37.8657,-122.2571,anonymous,EN,,Work on a company project that may help you advance your career,22,Other (please describe),Non binary,,,5,,,
2022-10-28 13:28:05,2022-10-28 13:30:54,IP Address,67.188.25.203,100,168,True,2022-10-28 13:30:54,R_VQFRJzPbpiVTegh,,,,,37.8657,-122.2571,anonymous,EN,,Help a colleague or friend with a company project,22,Female,,,,3,,,
2022-10-28 14:28:14,2022-10-28 14:29:16,IP Address,67.170.236.88,100,61,True,2022-10-28 14:29:16,R_1mg8g4KJFRPVWB7,,,,,37.8657,-122.2571,anonymous,EN,Work on a company project that may help you advance your career,,22,Female,,,,7,,,
2022-10-28 16:31:57,2022-10-28 16:47:34,IP Address,69.251.157.5,100,936,True,2022-10-28 16:47:34,R_1OOySru7w6Zj12m,,,,,38.9635,-76.9672,anonymous,EN,Help a colleague or friend with a company project,,24,Female,,,,6,,,
2022-10-28 16:48:00,2022-10-28 16:49:30,IP Address,69.251.157.5,100,90,True,2022-10-28 16:49:31,R_1gun3uZeKzuiNlP,,,,,38.9635,-76.9672,anonymous,EN,,Help a colleague or friend with a company project,24,Female,,,,6,,,
2022-10-28 17:52:55,2022-10-28 17:54:45,IP Address,107.77.227.230,100,109,True,2022-10-28 17:54:45,R_3Kr3HfuHQmosxoR,,,,,34.0544,-118.244,anonymous,EN,,Help a colleague or friend with a company project,27,Female,,,,6,,,
2022-10-29 07:49:05,2022-10-29 07:50:56,IP Address,69.251.157.5,100,111,True,2022-10-29 07:50:57,R_3pu90PxgZuEN426,,,,,38.9635,-76.9672,anonymous,EN,Help a colleague or friend with a company project,,24,Female,,,,8,,,
2022-10-29 10:25:13,2022-10-29 10:25:35,IP Address,76.132.189.8,100,22,True,2022-10-29 10:25:36,R_sMTssmlihQz4zcZ,,,,,37.4651,-122.143,anonymous,EN,,Work on a company project that may help you advance your career,24,Female,,,,7,,,
2022-10-29 22:47:41,2022-10-29 22:48:21,IP Address,107.116.89.126,100,40,True,2022-10-29 22:48:21,R_1QxYmKS4cUuy3wQ,,,,,37.589,-122.0461,anonymous,EN,Work on a company project that may help you advance your career,,25,Female,,,,4,,,
2022-10-30 11:16:09,2022-10-30 11:18:31,IP Address,107.122.81.20,100,141,True,2022-10-30 11:18:31,R_33m8peRm5XOYgnV,,,,,47.5364,-122.278,anonymous,EN,Work on a company project that may help you advance your career,,23,Female,,,,7,,,
2022-11-01 10:39:35,2022-11-01 10:44:45,IP Address,171.66.12.155,100,309,True,2022-11-01 10:44:45,R_12EyvUm2GjKash6,,,,,37.423,-122.1639,anonymous,EN,,Help a colleague or friend with a company project,23,Male,,,,9,,,
2022-10-28 08:52:47,2022-10-28 08:52:57,IP Address,68.65.175.39,33,9,False,2022-11-04 08:52:59,R_2rovSFtKMzRnA0F,,,,,,,anonymous,EN,,,,,,,,,,,
2022-10-29 07:51:09,2022-10-29 07:52:36,IP Address,69.251.157.5,33,87,False,2022-11-05 07:52:43,R_UJYi58xJCn1msmZ,,,,,,,anonymous,EN,,,,,,,,,,,
2022-11-14 13:35:14,2022-11-14 13:36:49,IP Address,171.66.13.204,100,95,True,2022-11-14 13:36:49,R_1QN0zMnNXLbgSh0,,,,,37.423,-122.1639,anonymous,EN,Work on a company project that may lead the company in a new direction,,150,Male,,,,10,,,
2022-11-23 10:29:49,2022-11-23 10:34:34,IP Address,171.66.13.183,100,285,True,2022-11-23 10:34:35,R_2c009XolK1PTGd5,,,,,37.423,-122.1639,anonymous,EN,,,,,,,,,,,
2022-11-23 10:34:41,2022-11-23 10:35:03,IP Address,171.66.13.183,100,21,True,2022-11-23 10:35:04,R_31iq0dCwWDIY5Cx,,,,,37.423,-122.1639,anonymous,EN,,,,,,,,,,,
2022-12-08 12:56:26,2022-12-08 12:56:41,IP Address,171.66.13.223,100,14,True,2022-12-08 12:56:41,R_1GV6hF9WS1OvEgz,,,,,37.423,-122.1639,anonymous,EN,,Help a colleague or friend with a company project,20,Female,,Working - as a full-time paid employee,,10,{{%PROLIFIC_PID%}},{{%STUDY_ID%}},{{%SESSION_ID%}}
2022-12-08 13:36:40,2022-12-08 13:37:33,IP Address,172.58.249.52,100,52,True,2022-12-08 13:37:33,R_2Yy1bjQvy42fOEM,,,,,35.2296,-80.843,anonymous,EN,,Work on a company project that may help you advance your career,23,Female,,Working - as a full-time paid employee,,3,5d140b5c1039690017945b7b,63924789309ffb80448dd3ec,639258e152c440ce7563d9a9
2022-12-08 13:42:41,2022-12-08 13:43:43,IP Address,68.46.114.234,100,61,True,2022-12-08 13:43:43,R_2RTVZAwluq3DcAE,,,,,44.9121,-93.1717,anonymous,EN,Work on a company project that may lead the company in a new direction,,28,Female,,Working - as a full-time paid employee,,6,5ff3f431bb7b2959192f9be8,63924789309ffb80448dd3ec,63925a4be074c17591a0b80e
2022-12-08 13:46:20,2022-12-08 13:47:24,IP Address,75.185.18.121,100,63,True,2022-12-08 13:47:24,R_10CyUzQ7uGwNzbE,,,,,40.0847,-82.7988,anonymous,EN,,Work on a company project that may lead the company in a new direction,26,Male,,Working - as a full-time paid employee,,6,62c2f70f10a2a5cf48c9ab2f,63924789309ffb80448dd3ec,63925b27c240a4d3a7c493a7
2022-12-08 13:51:16,2022-12-08 13:53:00,IP Address,24.22.43.51,100,103,True,2022-12-08 13:53:00,R_1jjkIkQ4pYfJivF,,,,,44.0683,-123.0763,anonymous,EN,Work on a company project that may help you advance your career,,25,Female,,Working - self-employed,,5,6108e0f394ea82edc8b1884a,63924789309ffb80448dd3ec,63925c1036617549e4dddb21
2022-12-08 13:56:13,2022-12-08 13:57:12,IP Address,45.26.40.123,100,58,True,2022-12-08 13:57:13,R_RDdoE114PerAKSB,,,,,40.9659,-117.7506,anonymous,EN,,Help a colleague or friend with a company project,34,Male,,Working - as a full-time paid employee,,4,586935b7e16d530001b34787,63924789309ffb80448dd3ec,63925d74c6565dc98dc447c5
2022-12-08 13:56:28,2022-12-08 13:59:51,IP Address,172.56.50.156,100,202,True,2022-12-08 13:59:51,R_5AUwXYobgaEDgQx,,,,,29.7373,-95.3972,anonymous,EN,Help a colleague or friend with a company project,,32,Male,,Working - as a full-time paid employee,,5,632b3017a1169b3aa44c0d66,63924789309ffb80448dd3ec,63925d878cb4ca4eabe9dfc6
2022-12-08 14:00:30,2022-12-08 14:01:21,IP Address,50.24.192.102,100,51,True,2022-12-08 14:01:22,R_2xS4VQ1OqOp2k2a,,,,,30.4421,-97.6339,anonymous,EN,Help a colleague or friend with a company project,,47,Male,,Working - as a full-time paid employee,,6,5ea89a8b6b6ee52ee578a90a,63924aaf9cf6e7129ddd0692,63925e58476578d629dd0647
2022-12-08 14:01:48,2022-12-08 14:03:45,IP Address,108.68.121.134,100,116,True,2022-12-08 14:03:45,R_PvBhW41jQNtyuAN,,,,,37.2599,-121.9171,anonymous,EN,,Work on a company project that may help you advance your career,52,Male,,Working - as a full-time paid employee,,7,60fb534aa3d839c152fa8f36,63924aaf9cf6e7129ddd0692,63925ec79c797ec794c547f2
2022-12-08 14:03:00,2022-12-08 14:03:59,IP Address,208.87.234.180,100,58,True,2022-12-08 14:03:59,R_1DzDf7cqfUJgD1o,,,,,37.751,-97.822,anonymous,EN,,Help a colleague or friend with a company project,31,Male,,Working - as a full-time paid employee,,7,5fa2050042e91e3c2bae0ec2,63924789309ffb80448dd3ec,63925ed985caf39f1ba52d3e
2022-12-08 14:04:18,2022-12-08 14:04:39,IP Address,71.175.93.152,100,21,True,2022-12-08 14:04:39,R_3EcWKLCSJdZWMxf,,,,,40.1809,-75.2156,anonymous,EN,Work on a company project that may help you advance your career,,28,Male,,Working - as a full-time paid employee,,7,62fedd1d5abea42a4a58a82a,63924789309ffb80448dd3ec,63925f5d8075803f8649dac7
2022-12-08 14:05:11,2022-12-08 14:06:11,IP Address,173.26.120.77,100,60,True,2022-12-08 14:06:12,R_3Jg9TlAd3PZtKeu,,,,,41.4943,-90.5001,anonymous,EN,,Work on a company project that may lead the company in a new direction,45,Male,,Working - as a full-time paid employee,,8,614fb5f505179343600daf54,63924aaf9cf6e7129ddd0692,63925f915962effd523c1dad
2022-12-08 14:06:15,2022-12-08 14:06:48,IP Address,75.136.138.206,100,33,True,2022-12-08 14:06:49,R_2fqjl5IAzICyrfO,,,,,34.5251,-82.6307,anonymous,EN,,Work on a company project that may help you advance your career,42,Female,,Working - as a full-time paid employee,,5,5a4fab63eedc32000141ec5c,63924aaf9cf6e7129ddd0692,63925fd33c06f460e60f2795
2022-12-08 14:04:22,2022-12-08 14:07:05,IP Address,76.87.252.10,100,162,True,2022-12-08 14:07:05,R_3nd3BdZuWacceDP,,,,,33.9441,-118.198,anonymous,EN,Work on a company project that may lead the company in a new direction,,28,Female,,Working - as a full-time paid employee,,5,5c873649fff8430016e9aa7a,63924789309ffb80448dd3ec,63925ee3cd59e0e3a3384d59
2022-12-08 14:07:48,2022-12-08 14:08:27,IP Address,76.203.168.70,100,38,True,2022-12-08 14:08:28,R_2dQQ4ET1jRlG1de,,,,,25.7259,-80.4036,anonymous,EN,Work on a company project that may help you advance your career,,44,Female,,Working - as a full-time paid employee,,2,5e0f51826f6d3e66045b8feb,63924aaf9cf6e7129ddd0692,6392602131e503913b469fc3
2022-12-08 14:11:19,2022-12-08 14:11:45,IP Address,67.243.12.236,100,25,True,2022-12-08 14:11:46,R_qOVRa7cWaiy65Ox,,,,,40.5334,-74.2099,anonymous,EN,Work on a company project that may help you advance your career,,22,Female,,Working - as a part-time paid employee,,2,5f1273feb9ddf60dd2781b2f,63924789309ffb80448dd3ec,639261041ae1686a73a38cae
2022-12-08 14:13:32,2022-12-08 14:14:49,IP Address,69.114.112.123,100,76,True,2022-12-08 14:14:49,R_1laTzcf9HwAmRs1,,,,,40.5978,-74.0001,anonymous,EN,,Help a colleague or friend with a company project,26,Male,,Working - as a full-time paid employee,,3,58ab2db50da7f10001de8e34,63924789309ffb80448dd3ec,63926187cc42c980f684f462
2022-12-08 14:14:11,2022-12-08 14:15:12,IP Address,76.95.5.42,100,60,True,2022-12-08 14:15:12,R_2viaQBmtF661Lem,,,,,33.8956,-117.9053,anonymous,EN,Help a colleague or friend with a company project,,32,Male,,Working - as a full-time paid employee,,7,5a1efc2b517dfb00013dd370,63924789309ffb80448dd3ec,639261ae8acad0ec1de9dfc0
2022-12-08 14:18:01,2022-12-08 14:18:53,IP Address,73.32.250.252,100,52,True,2022-12-08 14:18:53,R_3QWYo5XTPLbCjfr,,,,,29.5656,-95.2747,anonymous,EN,,Work on a company project that may help you advance your career,25,Female,,Working - as a full-time paid employee,,5,627a861608f88b4d143e3738,63924789309ffb80448dd3ec,63926293659f6b7bbc49db16
2022-12-08 14:18:25,2022-12-08 14:19:36,IP Address,50.90.201.216,100,70,True,2022-12-08 14:19:36,R_2BwFMznQ2OfTLwm,,,,,39.9573,-86.277,anonymous,EN,Work on a company project that may help you advance your career,,26,Male,,Working - as a full-time paid employee,,6,5ea0c0a339035b0b3d4adae5,63924789309ffb80448dd3ec,639262ae62a16e00f0c447eb
2022-12-08 14:18:31,2022-12-08 14:19:47,IP Address,24.190.102.154,100,75,True,2022-12-08 14:19:47,R_3HTVCnJYvCmyr7M,,,,,40.6973,-73.3271,anonymous,EN,,Help a colleague or friend with a company project,40,Male,,Working - as a full-time paid employee,,7,5e3cddaa64dfd70d85a5ef3f,63924aaf9cf6e7129ddd0692,639262b3cca0bc8a8ac493cd
2022-12-08 14:19:29,2022-12-08 14:20:03,IP Address,134.215.140.146,100,34,True,2022-12-08 14:20:04,R_3Jkf84gYmUAfKa9,,,,,40.597,-105.0589,anonymous,EN,Work on a company project that may help you advance your career,,29,Male,,Working - as a full-time paid employee,,4,5d80e72af73a9d001d0de6b2,63924789309ffb80448dd3ec,639262ed08959842f81a7a81
2022-12-08 14:20:30,2022-12-08 14:21:07,IP Address,98.20.105.164,100,37,True,2022-12-08 14:21:08,R_1H0oTMh42ywQB1s,,,,,33.4085,-94.1819,anonymous,EN,Work on a company project that may lead the company in a new direction,,30,Male,,Working - self-employed,,4,62c9024c3181d7800e31a759,63924789309ffb80448dd3ec,639262f4f91c4d681862b8c0
2022-12-08 14:20:20,2022-12-08 14:21:23,IP Address,73.115.194.212,100,63,True,2022-12-08 14:21:23,R_3stV4mup7r6JjTw,,,,,29.8203,-95.4256,anonymous,EN,,Help a colleague or friend with a company project,51,Male,,Working - as a full-time paid employee,,3,5f872af9e3e4870ef4d67cc3,63924aaf9cf6e7129ddd0692,6392631c1c62d4bcae111926
2022-12-08 14:23:16,2022-12-08 14:24:04,IP Address,73.153.61.91,100,47,True,2022-12-08 14:24:04,R_A0Wz1ubARRPj30Z,,,,,39.6663,-104.8343,anonymous,EN,,Help a colleague or friend with a company project,39,Male,,Working - as a full-time paid employee,,5,631b67a3f82c28fb8ac2ac35,63924aaf9cf6e7129ddd0692,639263d01c62d4bcae111938
2022-12-08 14:26:51,2022-12-08 14:27:23,IP Address,67.42.91.189,100,32,True,2022-12-08 14:27:24,R_3dG6envO52Sn427,,,,,47.425,-122.4586,anonymous,EN,Help a colleague or friend with a company project,,34,Female,,Working - as a full-time paid employee,,6,60b8ae101ff97c46f787f1a8,63924789309ffb80448dd3ec,639264a5cca0bc8a8ac49400
2022-12-08 14:27:24,2022-12-08 14:28:18,IP Address,24.118.177.148,100,54,True,2022-12-08 14:28:18,R_6low2oZMa31nA1X,,,,,44.9764,-93.224,anonymous,EN,,Work on a company project that may help you advance your career,34,Male,,Working - as a full-time paid employee,,7,5c57631a47a04100010da795,63924789309ffb80448dd3ec,639264c5bddc7b2fad186a74
2022-12-08 14:29:50,2022-12-08 14:30:14,IP Address,166.205.107.29,100,24,True,2022-12-08 14:30:14,R_2ePegF2HZon4Q5d,,,,,33.9098,-118.0714,anonymous,EN,Work on a company project that may lead the company in a new direction,,24,Male,,Working - as a full-time paid employee,,6,614e497939b9b53a6013f7b0,63924789309ffb80448dd3ec,63926559ad382ebe115e4455
2022-12-08 14:29:55,2022-12-08 14:32:13,IP Address,73.14.62.50,100,138,True,2022-12-08 14:32:14,R_3pmYaoPHcdbiWZq,,,,,39.9636,-104.9072,anonymous,EN,,Work on a company project that may help you advance your career,50,Male,,Working - as a full-time paid employee,,6,616c4f1eacaf6dcc36160230,63924aaf9cf6e7129ddd0692,6392655ee75e1081c844a39d
2022-12-08 14:32:16,2022-12-08 14:32:49,IP Address,74.77.125.223,100,33,True,2022-12-08 14:32:49,R_2zUDWQRRNYJqVri,,,,,42.9554,-78.8638,anonymous,EN,,Work on a company project that may help you advance your career,34,Male,,Working - as a full-time paid employee,,6,5f4c1e40b977c21142f78adc,63924789309ffb80448dd3ec,639265ea011bdd81f3c54809
2022-12-08 14:32:00,2022-12-08 14:32:55,IP Address,159.250.11.222,100,55,True,2022-12-08 14:32:55,R_1f2V9q4rrMuml6k,,,,,41.797,-71.8857,anonymous,EN,Help a colleague or friend with a company project,,34,Female,,Working - as a full-time paid employee,,4,58a652549a17120001d9193f,63924789309ffb80448dd3ec,639265dc8f3967cffb5e44bf
2022-12-08 14:32:42,2022-12-08 14:33:28,IP Address,162.221.219.112,100,45,True,2022-12-08 14:33:28,R_UYqiiGLdxn9XsHf,,,,,38.0012,-84.5325,anonymous,EN,,Work on a company project that may help you advance your career,31,Male,,Working - as a full-time paid employee,,6,6306d29af0c80316a9c5aa1b,63924789309ffb80448dd3ec,63926606bd306bbc2462b8c1
2022-12-08 14:33:37,2022-12-08 14:34:01,IP Address,69.120.172.197,100,23,True,2022-12-08 14:34:01,R_YaGMaXDSUfmvkjf,,,,,40.2825,-74.3424,anonymous,EN,Help a colleague or friend with a company project,,24,Male,,Working - as a full-time paid employee,,7,5cf1eed7a602eb0001e2e850,63924789309ffb80448dd3ec,6392663f011bdd81f3c54814
2022-12-08 14:33:47,2022-12-08 14:34:33,IP Address,69.204.28.176,100,45,True,2022-12-08 14:34:33,R_302UdsX9MxOwnqI,,,,,43.0037,-78.8496,anonymous,EN,,Work on a company project that may help you advance your career,42,Female,,Working - as a full-time paid employee,,4,5e2e34ba77d2c74148d7d0d2,63924aaf9cf6e7129ddd0692,639266446957ffda55c54833
2022-12-08 14:33:56,2022-12-08 14:35:05,IP Address,70.167.117.42,100,69,True,2022-12-08 14:35:06,R_sgUigwWQoyVbldf,,,,,32.7916,-116.971,anonymous,EN,Help a colleague or friend with a company project,,29,Female,,Working - as a full-time paid employee,,4,6122c4c32f62073ea0b47fca,63924789309ffb80448dd3ec,639266503423fdc966cb5c35
2022-12-08 14:34:00,2022-12-08 14:35:20,IP Address,73.168.97.46,100,79,True,2022-12-08 14:35:20,R_Tk0p96n828OxruV,,,,,41.5883,-87.4593,anonymous,EN,,Work on a company project that may lead the company in a new direction,37,Female,,Working - as a full-time paid employee,,8,5e7a0da5c8327f0406f24b9a,63924aaf9cf6e7129ddd0692,6392665599699833eda38c94
2022-12-08 14:35:40,2022-12-08 14:36:05,IP Address,98.167.233.68,100,24,True,2022-12-08 14:36:05,R_1rvo3Wr14QCFtyN,,,,,33.3725,-112.5768,anonymous,EN,Help a colleague or friend with a company project,,31,Male,,Working - as a full-time paid employee,,5,63069ce5a91abd39332360c8,63924789309ffb80448dd3ec,639266b79a56872b75a52d75
2022-12-08 14:35:40,2022-12-08 14:36:26,IP Address,73.94.104.243,100,46,True,2022-12-08 14:36:27,R_8pKANBA0SOadbIR,,,,,45.0702,-93.4556,anonymous,EN,Help a colleague or friend with a company project,,30,Male,,Working - as a full-time paid employee,,7,63615a93865e6f3354d67e83,63924789309ffb80448dd3ec,639266b505938aca5f6377ad
2022-12-08 14:36:24,2022-12-08 14:37:15,IP Address,96.238.57.137,100,51,True,2022-12-08 14:37:15,R_3pbgwKoEZew8Smy,,,,,41.7042,-71.4558,anonymous,EN,,Work on a company project that may lead the company in a new direction,64,Female,,Working - as a full-time paid employee,,5,5e991aaac7bc1615ea5b3eb8,63924b2f5e5b8d415146515f,639266e2dc2bbce5630f2736
2022-12-08 14:36:50,2022-12-08 14:37:24,IP Address,68.170.222.80,100,33,True,2022-12-08 14:37:24,R_2QJp4xfLcxdl92A,,,,,33.2643,-96.2078,anonymous,EN,,Work on a company project that may help you advance your career,44,Female,,Working - as a full-time paid employee,,4,62729485c0955ee802ac1692,63924aaf9cf6e7129ddd0692,639266fe6d9abf71c80f2752
2022-12-08 14:37:31,2022-12-08 14:37:53,IP Address,184.56.162.235,100,22,True,2022-12-08 14:37:54,R_24kOVO4ou4iiGVt,,,,,37.6451,-84.7703,anonymous,EN,Work on a company project that may lead the company in a new direction,,35,Female,,Working - as a full-time paid employee,,5,588e251908e6b200011a7253,63924789309ffb80448dd3ec,639267252a5884a95784f457
2022-12-08 14:38:23,2022-12-08 14:38:59,IP Address,99.67.113.227,100,35,True,2022-12-08 14:38:59,R_2D1B9SMWD8N2538,,,,,33.1494,-96.828,anonymous,EN,,Work on a company project that may help you advance your career,33,Female,,Working - as a full-time paid employee,,6,56333f762840d2000a22e4a3,63924789309ffb80448dd3ec,6392675ae11db584fd469f8b
2022-12-08 14:38:30,2022-12-08 14:39:02,IP Address,108.17.136.183,100,31,True,2022-12-08 14:39:02,R_1BRSdcJPx6KDZZQ,,,,,36.7323,-76.0363,anonymous,EN,Help a colleague or friend with a company project,,27,Female,,Not working - other (please explain),,7,6075bc6c3c3402f2d93289a0,63924789309ffb80448dd3ec,6392676331bd17ed91dd061f
2022-12-08 14:35:30,2022-12-08 14:40:05,IP Address,172.56.81.194,100,275,True,2022-12-08 14:40:06,R_1rCak7Cjuegp6Mb,,,,,33.4602,-112.1334,anonymous,EN,Work on a company project that may help you advance your career,,27,Male,,Working - as a full-time paid employee,,5,632f9b8c98b943f43b7d16d1,63924789309ffb80448dd3ec,639266a587d678055b1743fb
2022-12-08 14:40:10,2022-12-08 14:40:41,IP Address,75.31.216.151,100,31,True,2022-12-08 14:40:42,R_56ghacvsbJs0PIJ,,,,,32.8687,-96.8626,anonymous,EN,,Work on a company project that may help you advance your career,34,Male,,Working - as a full-time paid employee,,6,5df15bc3361a8506b94f79ed,63924789309ffb80448dd3ec,639267c54d19210dffa52db0
2022-12-08 14:41:22,2022-12-08 14:42:06,IP Address,68.54.155.180,100,43,True,2022-12-08 14:42:07,R_12bveSV6p6tcLr5,,,,,39.9086,-86.121,anonymous,EN,,Work on a company project that may help you advance your career,37,Female,,Working - as a full-time paid employee,,4,5d825b67d27dc700019110ac,63924aaf9cf6e7129ddd0692,6392680ca949fcc5fb712c21
2022-12-08 14:41:44,2022-12-08 14:42:28,IP Address,104.218.71.37,100,43,True,2022-12-08 14:42:28,R_2t4EAuw4uE9M6gm,,,,,40.8219,-96.6244,anonymous,EN,Help a colleague or friend with a company project,,34,Male,,Working - as a full-time paid employee,,6,636189bb9d588dc0995920fb,63924789309ffb80448dd3ec,6392682487d678055b174421
2022-12-08 14:42:21,2022-12-08 14:42:47,IP Address,136.37.189.8,100,26,True,2022-12-08 14:42:48,R_21gjVGGCrNHR6sL,,,,,38.8868,-94.8223,anonymous,EN,Help a colleague or friend with a company project,,26,Female,,Working - as a full-time paid employee,,7,57343061b0b6ee29e80d5adc,63924789309ffb80448dd3ec,63926849aa7e293b56c547d2
2022-12-08 14:42:33,2022-12-08 14:43:12,IP Address,24.29.61.48,100,39,True,2022-12-08 14:43:13,R_2TXBH8f6SNdc765,,,,,42.6538,-73.7589,anonymous,EN,,Work on a company project that may help you advance your career,35,Male,,Working - as a full-time paid employee,,7,61074792728f0f9e791ad083,63924789309ffb80448dd3ec,63926852a378a7d160c713a9
2022-12-08 14:42:57,2022-12-08 14:43:38,IP Address,172.58.59.122,100,41,True,2022-12-08 14:43:39,R_SVqULAF4creos5r,,,,,39.7388,-104.9868,anonymous,EN,,Work on a company project that may help you advance your career,42,Female,,Working - as a full-time paid employee,,3,60b088283f529f44ae7ccd37,63924aaf9cf6e7129ddd0692,6392686b198d7e936d712c34
2022-12-08 14:43:33,2022-12-08 14:44:01,IP Address,73.126.136.40,100,27,True,2022-12-08 14:44:01,R_1KjQ8uq1cFIklM1,,,,,41.749,-72.6904,anonymous,EN,Work on a company project that may help you advance your career,,25,Female,,Working - as a full-time paid employee,,7,5ec5a42a646f515ef0e3f68b,63924789309ffb80448dd3ec,639268917846ab3d71384d4e
2022-12-08 14:42:57,2022-12-08 14:44:01,IP Address,47.144.3.64,100,64,True,2022-12-08 14:44:01,R_2YKZSYQbYqi996o,,,,,34.2193,-118.9842,anonymous,EN,,Work on a company project that may help you advance your career,22,Male,,Working - as a part-time paid employee,,6,5febb30450a719c947d89794,63924789309ffb80448dd3ec,6392686e31bd17ed91dd0638
2022-12-08 14:44:12,2022-12-08 14:44:43,IP Address,45.18.229.152,100,31,True,2022-12-08 14:44:44,R_1LT31Q8ZfkrBiKs,,,,,38.5662,-121.5525,anonymous,EN,,Help a colleague or friend with a company project,23,Male,,Not working - on temporary layoff from a job,,5,59f958ccf4217300016cc577,63924789309ffb80448dd3ec,639268b07463c858b549dab1
2022-12-08 14:43:19,2022-12-08 14:45:09,IP Address,24.211.132.37,100,109,True,2022-12-08 14:45:09,R_1NrcZ5PAG3tg6MI,,,,,35.9151,-79.0972,anonymous,EN,Help a colleague or friend with a company project,,24,Female,,Working - as a full-time paid employee,,7,6165affccd06d09042113165,63924789309ffb80448dd3ec,6392687ec92de7da8284f468
2022-12-08 14:45:21,2022-12-08 14:45:52,IP Address,141.156.231.203,100,31,True,2022-12-08 14:45:53,R_3isY7rqhgIECkKk,,,,,38.9522,-77.0253,anonymous,EN,,Help a colleague or friend with a company project,41,Female,,Working - as a full-time paid employee,,7,5bc3949e35ed640001e277ba,63924aaf9cf6e7129ddd0692,639268fda3cbe1fc93637799
2022-12-08 14:46:11,2022-12-08 14:46:41,IP Address,76.38.252.0,100,29,True,2022-12-08 14:46:41,R_1r0K58nAFfovHDt,,,,,42.4444,-76.4926,anonymous,EN,Help a colleague or friend with a company project,,33,Male,,Working - as a full-time paid employee,,6,62d4751965edad40a5be1596,63924789309ffb80448dd3ec,6392692e7d093009de84f403
2022-12-08 14:46:12,2022-12-08 14:46:41,IP Address,74.111.36.205,100,28,True,2022-12-08 14:46:42,R_1pEDmvy4jgpyLaC,,,,,43.1115,-76.1834,anonymous,EN,Work on a company project that may help you advance your career,,48,Female,,Working - as a full-time paid employee,,3,5da9fec949bab300155afb7f,63924aaf9cf6e7129ddd0692,6392692f6459994c35e4b729
2022-12-08 14:47:16,2022-12-08 14:47:52,IP Address,24.73.5.6,100,36,True,2022-12-08 14:47:53,R_yDvu6sek6mSIu5j,,,,,28.3318,-82.2446,anonymous,EN,,Work on a company project that may help you advance your career,29,Male,,Working - as a full-time paid employee,,5,5b0a38d230d5620001551e0d,63924789309ffb80448dd3ec,6392696cf635990a15cb5c2b
2022-12-08 14:47:12,2022-12-08 14:48:07,IP Address,166.253.63.166,100,55,True,2022-12-08 14:48:07,R_3GuO78veHrgNXIX,,,,,46.2515,-119.1034,anonymous,EN,,Work on a company project that may help you advance your career,32,Female,,Working - as a full-time paid employee,,3,5b847cdbe611ff0001c326b3,63924789309ffb80448dd3ec,63926967f1598c8213f15d2c
2022-12-08 14:47:35,2022-12-08 14:48:22,IP Address,71.28.168.132,100,46,True,2022-12-08 14:48:22,R_3nkPsuTOlfnvHvJ,,,,,37.9824,-84.4797,anonymous,EN,Work on a company project that may help you advance your career,,22,Male,,Working - as a full-time paid employee,,4,5f5e22abacd23c0862700be4,63924789309ffb80448dd3ec,63926984173f1b7d2863778b
2022-12-08 14:48:26,2022-12-08 14:49:18,IP Address,198.45.181.195,100,51,True,2022-12-08 14:49:18,R_utfuitB1E656hup,,,,,36.1213,-115.1406,anonymous,EN,Work on a company project that may help you advance your career,,47,Male,,Working - as a full-time paid employee,,4,6365caea63383fe1fb2a6650,63924aaf9cf6e7129ddd0692,639269b2454a0cecd50688c2
2022-12-08 14:48:52,2022-12-08 14:49:34,IP Address,73.178.130.195,100,42,True,2022-12-08 14:49:35,R_3lrDDaPC3y7P0TT,,,,,39.7993,-75.1536,anonymous,EN,,Work on a company project that may lead the company in a new direction,39,Female,,Working - as a full-time paid employee,,8,62b20c43bff1548f37f39746,63924aaf9cf6e7129ddd0692,639269cb5436c4d83c73038c
2022-12-08 14:44:33,2022-12-08 14:49:52,IP Address,73.114.182.41,100,318,True,2022-12-08 14:49:52,R_1LkA0tz1ie595y6,,,,,42.8848,-73.191,anonymous,EN,Work on a company project that may help you advance your career,,60,Female,,Working - as a full-time paid employee,,5,610036375afd3ab1afe073e7,63924b2f5e5b8d415146515f,639268ca5c37aaf29f0688d3
2022-12-08 14:51:50,2022-12-08 14:53:03,IP Address,192.199.225.15,100,72,True,2022-12-08 14:53:03,R_VR4COLy8X3VAZvX,,,,,35.7109,-109.536,anonymous,EN,,Work on a company project that may help you advance your career,63,Female,,Working - self-employed,,5,56c4d3b98bacd7000ccf91d7,63924b2f5e5b8d415146515f,63926a7443dd891c6b17440e
2022-12-08 14:52:42,2022-12-08 14:53:19,IP Address,98.190.147.197,100,37,True,2022-12-08 14:53:19,R_24bK0qgheSKVoGC,,,,,33.4413,-112.0421,anonymous,EN,Work on a company project that may help you advance your career,,32,Male,,Working - as a full-time paid employee,,4,5c2f01bc2c45d400014ac013,63924789309ffb80448dd3ec,63926ab115a00fedd5dddb1a
2022-12-08 14:53:24,2022-12-08 14:53:47,IP Address,65.27.116.67,100,23,True,2022-12-08 14:53:47,R_3FOPYHZoLh88Ncz,,,,,44.2682,-88.4265,anonymous,EN,Work on a company project that may help you advance your career,,23,Male,,Working - as a full-time paid employee,,4,5e5d55e287be1a060179eb5e,63924789309ffb80448dd3ec,63926adec63ea72e73cb5c7b
2022-12-08 14:52:58,2022-12-08 14:54:21,IP Address,69.120.93.129,100,82,True,2022-12-08 14:54:21,R_2WI3qbm1x5heyzT,,,,,40.6462,-73.9559,anonymous,EN,,Work on a company project that may help you advance your career,44,Female,,Working - as a full-time paid employee,,2,5d7989d048563d00169163f3,63924aaf9cf6e7129ddd0692,63926ac443dd891c6b174416
2022-12-08 14:54:28,2022-12-08 14:55:18,IP Address,173.49.103.135,100,50,True,2022-12-08 14:55:19,R_XN61LE4uc5m63kd,,,,,39.981,-75.1699,anonymous,EN,,Work on a company project that may help you advance your career,36,Male,,Working - as a full-time paid employee,,8,605bc8caf9e0b0f799baf6da,63924789309ffb80448dd3ec,63926b20c7b527597377a9cd
2022-12-08 14:54:36,2022-12-08 14:55:19,IP Address,73.108.232.241,100,43,True,2022-12-08 14:55:19,R_2aCsSQK7VFODq4q,,,,,35.7515,-84.1079,anonymous,EN,Work on a company project that may lead the company in a new direction,,39,Female,,Working - as a full-time paid employee,,5,5d30eee5e7ca2e001bd4091b,63924aaf9cf6e7129ddd0692,63926b2537607903dc3ca170
2022-12-08 14:54:47,2022-12-08 14:55:24,IP Address,76.142.102.13,100,37,True,2022-12-08 14:55:24,R_3D712BGmKWdCjIl,,,,,29.397,-94.9203,anonymous,EN,Help a colleague or friend with a company project,,44,Male,,Working - as a full-time paid employee,,2,592f09f14217c40001a76e8e,63924aaf9cf6e7129ddd0692,63926b3187d678055b174474
2022-12-08 14:54:24,2022-12-08 14:55:27,IP Address,97.81.112.200,100,62,True,2022-12-08 14:55:27,R_33DyOF0g6j5vukN,,,,,33.3708,-84.8154,anonymous,EN,Help a colleague or friend with a company project,,36,Male,,Working - as a full-time paid employee,,5,5c51bcaeb7449200013a8517,63924789309ffb80448dd3ec,63926b19454a0cecd50688db
2022-12-08 14:54:01,2022-12-08 14:55:44,IP Address,166.151.231.193,100,102,True,2022-12-08 14:55:44,R_3QLsJhsv2gLLQRt,,,,,40.7503,-74.0014,anonymous,EN,,Work on a company project that may lead the company in a new direction,51,Male,,Working - as a full-time paid employee,,4,638b49928d017fbd9fd95ca4,63924aaf9cf6e7129ddd0692,63926afa173f1b7d286377b3
2022-12-08 14:55:00,2022-12-08 14:55:56,IP Address,72.19.63.41,100,56,True,2022-12-08 14:55:57,R_3J7UQSox2TzWrK2,,,,,36.8113,-114.1235,anonymous,EN,,Work on a company project that may lead the company in a new direction,51,Female,,Working - self-employed,,4,59c0b12bcb3cd4000101cd75,63924aaf9cf6e7129ddd0692,63926b3b95ee3b3eff6d580f
2022-12-08 14:55:34,2022-12-08 14:56:21,IP Address,96.125.232.23,100,47,True,2022-12-08 14:56:22,R_Y9523RvQ51v2BRn,,,,,34.9282,-86.9794,anonymous,EN,,Work on a company project that may help you advance your career,31,Female,,Working - self-employed,,4,5c4e9bd1818d4d00013e8859,63924789309ffb80448dd3ec,63926b61102d00824173efe3
2022-12-08 14:56:48,2022-12-08 14:57:19,IP Address,73.175.157.233,100,30,True,2022-12-08 14:57:19,R_SCApdGAlo5o4nbX,,,,,40.5056,-78.0086,anonymous,EN,Help a colleague or friend with a company project,,41,Male,,Working - as a full-time paid employee,,6,57a7abb9ad1a6c0001468d45,63924aaf9cf6e7129ddd0692,63926bab0976e7d9e03c1d89
2022-12-08 14:57:48,2022-12-08 14:58:15,IP Address,68.116.180.170,100,27,True,2022-12-08 14:58:15,R_b778NAnL8pTWJIB,,,,,42.0521,-71.8486,anonymous,EN,Work on a company project that may help you advance your career,,44,Female,,Working - as a full-time paid employee,,7,5f65597823696e0e9bd8f63a,63924aaf9cf6e7129ddd0692,63926be6a05ae757576d57af
2022-12-08 14:57:52,2022-12-08 14:58:44,IP Address,104.14.110.135,100,51,True,2022-12-08 14:58:44,R_3rHbMgy5HBpgJ80,,,,,42.9656,-85.65,anonymous,EN,,Help a colleague or friend with a company project,42,Female,,Working - self-employed,,2,5589e729fdf99b18bd86d2c8,63924aaf9cf6e7129ddd0692,63926bec7af3bc20fe4e9f41
2022-12-08 14:58:18,2022-12-08 14:58:57,IP Address,98.38.122.129,100,38,True,2022-12-08 14:58:57,R_1Q6DmbNoS3uTzgk,,,,,39.7321,-104.9555,anonymous,EN,,Work on a company project that may lead the company in a new direction,40,Female,,Working - as a full-time paid employee,,2,55d10258a392570012ea105b,63924aaf9cf6e7129ddd0692,63926bffbd1784e75231e6dc
2022-12-08 14:58:51,2022-12-08 14:59:31,IP Address,71.235.79.222,100,40,True,2022-12-08 14:59:32,R_31jjht13k10Dm6L,,,,,41.3571,-72.9334,anonymous,EN,Help a colleague or friend with a company project,,68,Female,,Working - as a full-time paid employee,,4,60e45acbc927879ccc9637c4,63924b2f5e5b8d415146515f,63926be5a949fcc5fb712c7b
2022-12-08 14:59:49,2022-12-08 15:00:13,IP Address,172.56.21.183,100,23,True,2022-12-08 15:00:13,R_D6kQyIQGxJQph8R,,,,,40.0818,-82.9665,anonymous,EN,Work on a company project that may help you advance your career,,27,Male,,Working - as a full-time paid employee,,6,5fea9f4983f6afa8281acf14,63924789309ffb80448dd3ec,63926c5fc2ae1e43c0712c31
2022-12-08 14:59:51,2022-12-08 15:00:21,IP Address,24.55.52.226,100,29,True,2022-12-08 15:00:21,R_1OUDZak4QLlAYuY,,,,,30.2971,-97.7862,anonymous,EN,Work on a company project that may help you advance your career,,28,Male,,Working - as a full-time paid employee,,7,60566620bb888e88b6c157ee,63924789309ffb80448dd3ec,63926c6322f46cb1cbf15d32
2022-12-08 15:00:34,2022-12-08 15:01:05,IP Address,174.100.230.12,100,30,True,2022-12-08 15:01:05,R_3CN00VzUQf6GWYE,,,,,39.9046,-82.9703,anonymous,EN,Work on a company project that may help you advance your career,,27,Female,,Working - as a full-time paid employee,,7,60feedfaf00a8094a9bda931,63924789309ffb80448dd3ec,63926c8ddb933ae010e4b715
2022-12-08 15:00:16,2022-12-08 15:01:20,IP Address,24.18.102.199,100,64,True,2022-12-08 15:01:21,R_3qm8QMNiNkAjrrU,,,,,47.0111,-122.875,anonymous,EN,,Help a colleague or friend with a company project,30,Female,,Working - as a full-time paid employee,,5,5dcf5cfcf3b7c209a61477f8,63924789309ffb80448dd3ec,63926c79030f83355673035c
2022-12-08 15:00:18,2022-12-08 15:02:23,IP Address,98.251.159.19,100,124,True,2022-12-08 15:02:23,R_3fOiSTJKgCEy57V,,,,,35.056,-89.8598,anonymous,EN,,Help a colleague or friend with a company project,62,Male,,Working - as a full-time paid employee,,4,5d3a429a7886f10001b21cc4,63924b2f5e5b8d415146515f,63926c7b102d00824173efff
2022-12-08 15:01:50,2022-12-08 15:02:25,IP Address,97.127.7.198,100,35,True,2022-12-08 15:02:25,R_27WQ6fSQCwndzRo,,,,,44.9354,-93.1694,anonymous,EN,,Work on a company project that may help you advance your career,41,Male,,Working - self-employed,,2,5ac440da9534ba0001c736da,63924aaf9cf6e7129ddd0692,63926cd663df5a6f0263d9ba
2022-12-08 15:02:01,2022-12-08 15:02:28,IP Address,24.60.181.208,100,26,True,2022-12-08 15:02:28,R_22WhycH36A3SSTy,,,,,42.2518,-71.0805,anonymous,EN,Help a colleague or friend with a company project,,34,Male,,Working - as a full-time paid employee,,7,62e93c2d6699b55b4411f10d,63924789309ffb80448dd3ec,63926ce46b26e7e545c547ff
2022-12-08 15:02:13,2022-12-08 15:02:39,IP Address,24.49.52.58,100,25,True,2022-12-08 15:02:40,R_3HUK6fsclWrKvSW,,,,,39.6343,-77.7337,anonymous,EN,,Work on a company project that may help you advance your career,31,Male,,Working - as a full-time paid employee,,1,5f9fb315ae6f085ff96c0cac,63924789309ffb80448dd3ec,63926cf1e0e4538740cb5c27
2022-12-08 15:02:21,2022-12-08 15:02:58,IP Address,216.106.74.169,100,37,True,2022-12-08 15:02:58,R_3dGL0FpQFA0OWQV,,,,,38.5773,-92.2443,anonymous,EN,,Help a colleague or friend with a company project,32,Other (please describe),Non-binary,Working - as a full-time paid employee,,4,5a7255c8c2eb6c00017e2dcf,63924789309ffb80448dd3ec,63926cf89ef390a265a0b80b
2022-12-08 15:02:25,2022-12-08 15:03:29,IP Address,172.56.65.69,100,63,True,2022-12-08 15:03:29,R_2zkgtkghMsBix5Z,,,,,33.7344,-84.0986,anonymous,EN,Work on a company project that may help you advance your career,,34,Female,,Working - as a full-time paid employee,,6,59f0acf65de9b000017ed914,63924789309ffb80448dd3ec,63926cfbfd43e35efea38cb1
2022-12-08 15:02:36,2022-12-08 15:03:59,IP Address,73.139.223.237,100,83,True,2022-12-08 15:03:59,R_1laV2cNgIHA8dMX,,,,,26.2975,-80.1816,anonymous,EN,Help a colleague or friend with a company project,,35,Female,,Working - as a full-time paid employee,,7,5eaa605c7c3cbc1f14421a94,63924789309ffb80448dd3ec,63926d0656cf4bbba0174405
2022-12-08 15:03:33,2022-12-08 15:04:04,IP Address,70.95.99.252,100,30,True,2022-12-08 15:04:04,R_rfKP7JrqYxxGLlf,,,,,32.8192,-117.1002,anonymous,EN,,Work on a company project that may help you advance your career,46,Male,,Working - as a full-time paid employee,,5,61670b499c1bc22ba3a7b588,63924aaf9cf6e7129ddd0692,63926d414a52156c2dd45c39
2022-12-08 15:04:49,2022-12-08 15:05:31,IP Address,71.190.152.197,100,42,True,2022-12-08 15:05:32,R_3kc7MagpfhZv5zg,,,,,40.6446,-73.9743,anonymous,EN,Work on a company project that may help you advance your career,,39,Female,,Working - as a full-time paid employee,,7,5c75471e5eb59f000131c7a4,63924aaf9cf6e7129ddd0692,63926d8cdb933ae010e4b72f
2022-12-08 15:04:57,2022-12-08 15:05:37,IP Address,50.203.47.218,100,39,True,2022-12-08 15:05:37,R_2fqRbaYcI62e4FA,,,,,41.8578,-72.6591,anonymous,EN,,Work on a company project that may help you advance your career,56,Male,,Working - as a full-time paid employee,,7,5f9b6cc0e01ad13902b38f60,63924b2f5e5b8d415146515f,63926d95a05ae757576d57de
2022-12-08 15:05:05,2022-12-08 15:05:53,IP Address,174.206.226.176,100,48,True,2022-12-08 15:05:54,R_3MEtQpgoTj6T7Lo,,,,,40.7304,-74.2727,anonymous,EN,Help a colleague or friend with a company project,,43,Male,,Working - as a full-time paid employee,,7,62dc09e57b86423c053dbd8a,63924aaf9cf6e7129ddd0692,63926d9aacd0fcfe6b6d5801
2022-12-08 15:06:11,2022-12-08 15:07:03,IP Address,73.53.89.173,100,52,True,2022-12-08 15:07:04,R_1CHoVCuqNPyj51u,,,,,47.6722,-122.1257,anonymous,EN,,Work on a company project that may help you advance your career,38,Male,,Working - as a full-time paid employee,,4,61686f8376bd6ff59ea15479,63924aaf9cf6e7129ddd0692,63926ddd972c72af2a0688df
2022-12-08 15:06:16,2022-12-08 15:07:07,IP Address,174.243.226.9,100,51,True,2022-12-08 15:07:08,R_XsQU2GQmfhXMp1f,,,,,33.9249,-117.4592,anonymous,EN,Help a colleague or friend with a company project,,62,Male,,Working - as a full-time paid employee,,6,628eadbdfa27b9eaea1717b9,63924b2f5e5b8d415146515f,63926de27854b00ffd26a7be
2022-12-08 15:05:14,2022-12-08 15:07:39,IP Address,165.225.36.246,100,145,True,2022-12-08 15:07:40,R_2y9tGRy6gHaamYW,,,,,33.0326,-96.7859,anonymous,EN,,Work on a company project that may help you advance your career,39,Female,,Working - as a full-time paid employee,,5,5beb6415feaa4a000164e011,63924aaf9cf6e7129ddd0692,63926da5dfb029a33663778d
2022-12-08 15:08:50,2022-12-08 15:09:30,IP Address,97.83.110.24,100,40,True,2022-12-08 15:09:31,R_1mpUvJveCFdM5JC,,,,,43.9697,-86.4417,anonymous,EN,Help a colleague or friend with a company project,,37,Male,,Working - as a full-time paid employee,,8,59add1735e7f4800010ef002,63924aaf9cf6e7129ddd0692,63926e7c44a3d16e4c801895
2022-12-08 15:08:27,2022-12-08 15:09:44,IP Address,172.59.24.192,100,76,True,2022-12-08 15:09:45,R_0AE5FuKEFClMNmp,,,,,41.452,-81.6146,anonymous,EN,,Work on a company project that may lead the company in a new direction,53,Male,,Working - as a full-time paid employee,,6,5c917c0cd2c7770001064e77,63924aaf9cf6e7129ddd0692,63926e63d98e3b38491a7a24
2022-12-08 15:10:07,2022-12-08 15:10:44,IP Address,24.230.71.218,100,36,True,2022-12-08 15:10:44,R_1pEwL3VNAghek5q,,,,,44.3695,-100.3211,anonymous,EN,,Work on a company project that may help you advance your career,40,Male,,Working - as a full-time paid employee,,5,5df63faaa98a7a45159a9bba,63924aaf9cf6e7129ddd0692,63926ecc6182cf3a04dddb05
2022-12-08 15:11:58,2022-12-08 15:13:12,IP Address,70.173.34.166,100,73,True,2022-12-08 15:13:13,R_3k4KmfbGNp0szZB,,,,,36.1715,-115.2813,anonymous,EN,Work on a company project that may help you advance your career,,38,Female,,Working - as a full-time paid employee,,4,5cb568ebf0e31e0017d9bf32,63924aaf9cf6e7129ddd0692,63926f39cbbc9ca20ac493c5
2022-12-08 15:12:21,2022-12-08 15:13:19,IP Address,172.124.227.55,100,58,True,2022-12-08 15:13:20,R_bsIxKybmPvE2GiJ,,,,,42.8984,-85.7223,anonymous,EN,Help a colleague or friend with a company project,,69,Female,,Working - as a full-time paid employee,,6,5c5f8a910edbd90001e1feda,63924b2f5e5b8d415146515f,63926f4fdac66cdb268dd398
2022-12-08 15:13:06,2022-12-08 15:13:50,IP Address,68.49.145.172,100,44,True,2022-12-08 15:13:50,R_3ezAWZpPrl7McRG,,,,,42.683,-83.388,anonymous,EN,,Work on a company project that may help you advance your career,42,Female,,Working - as a full-time paid employee,,5,60d7d5dc074e8bc367732eb6,63924aaf9cf6e7129ddd0692,63926f7c5e6dd25ca363da20
2022-12-08 15:12:47,2022-12-08 15:13:51,IP Address,208.191.88.247,100,64,True,2022-12-08 15:13:52,R_UJCgUEz26QHqXE5,,,,,33.5504,-101.8871,anonymous,EN,,Work on a company project that may help you advance your career,38,Male,,Working - self-employed,,5,5e0696dea7fba607951ae479,63924aaf9cf6e7129ddd0692,63926f6bb9c49580fa4e9ee0
2022-12-08 15:13:26,2022-12-08 15:14:13,IP Address,108.32.95.165,100,47,True,2022-12-08 15:14:14,R_22DlI55j2OFQZiq,,,,,40.5346,-79.8805,anonymous,EN,Work on a company project that may help you advance your career,,39,Female,,Working - as a full-time paid employee,,7,60358de06e95f2ef5ea32cf0,63924aaf9cf6e7129ddd0692,63926f8b2825cefe2d73f00b
2022-12-08 15:13:33,2022-12-08 15:14:36,IP Address,108.28.3.91,100,63,True,2022-12-08 15:14:37,R_10pYrSTxsXTc7eg,,,,,38.8851,-77.1803,anonymous,EN,Help a colleague or friend with a company project,,42,Male,,Working - as a full-time paid employee,,4,5e8e7167572c651246e08a7b,63924aaf9cf6e7129ddd0692,63926f97259a47de8963da10
2022-12-08 15:13:58,2022-12-08 15:15:04,IP Address,23.228.140.94,100,65,True,2022-12-08 15:15:04,R_1mCTxYgjyMogQiw,,,,,39.0831,-94.5853,anonymous,EN,,Help a colleague or friend with a company project,43,Female,,Working - as a full-time paid employee,,4,5d851419d126db0001cf0396,63924aaf9cf6e7129ddd0692,63926fa056cf4bbba0174436
2022-12-08 15:14:37,2022-12-08 15:15:09,IP Address,96.252.56.131,100,31,True,2022-12-08 15:15:09,R_2wpjPNNriHncWr9,,,,,41.9739,-71.3284,anonymous,EN,Work on a company project that may help you advance your career,,51,Female,,Working - as a full-time paid employee,,3,62d5b21d270815d0579d8c5c,63924aaf9cf6e7129ddd0692,63926fd99258128ee073f005
2022-12-08 15:14:58,2022-12-08 15:15:53,IP Address,72.110.14.225,100,55,True,2022-12-08 15:15:54,R_3M9wYRO0U5UiEdK,,,,,32.9657,-96.8825,anonymous,EN,Help a colleague or friend with a company project,,54,Male,,Working - as a full-time paid employee,,5,5c51d7f198b0ff000110dba8,63924b2f5e5b8d415146515f,63926fe7f906d497c1dd0617
2022-12-08 15:14:35,2022-12-08 15:16:23,IP Address,75.182.248.251,100,107,True,2022-12-08 15:16:23,R_2tLph9WctUT04Ut,,,,,36.1219,-79.7777,anonymous,EN,,Work on a company project that may help you advance your career,58,Female,,Working - as a full-time paid employee,,5,5d697ea28572fc000126b779,63924b2f5e5b8d415146515f,63926fd27c5b26a3343c1db6
2022-12-08 15:14:40,2022-12-08 15:16:30,IP Address,63.153.2.123,100,110,True,2022-12-08 15:16:31,R_10pjcbFot46vNGr,,,,,45.6684,-111.2422,anonymous,EN,,Work on a company project that may lead the company in a new direction,51,Female,,Working - as a full-time paid employee,,4,623537f22ffeb94d58da7a10,63924aaf9cf6e7129ddd0692,63926fd99424ca6af3a38ce6
2022-12-08 15:15:49,2022-12-08 15:17:02,IP Address,73.49.67.90,100,73,True,2022-12-08 15:17:03,R_ZCx7FJa8rY7wCKl,,,,,26.1483,-80.1217,anonymous,EN,,Work on a company project that may lead the company in a new direction,44,Male,,Working - as a full-time paid employee,,7,63311144c7ce926aed20eb3a,63924aaf9cf6e7129ddd0692,6392701f314343654c63d9c8
2022-12-08 15:15:42,2022-12-08 15:17:15,IP Address,76.175.175.194,100,92,True,2022-12-08 15:17:15,R_vjnM9vwbQMJNtSN,,,,,33.7256,-117.9119,anonymous,EN,Help a colleague or friend with a company project,,40,Male,,Working - self-employed,,5,614becce61f2753af92727bb,63924aaf9cf6e7129ddd0692,6392701a4a7996abacc44813
2022-12-08 15:16:44,2022-12-08 15:17:20,IP Address,162.229.190.128,100,35,True,2022-12-08 15:17:20,R_ctBTv27BP1tqRPP,,,,,37.9043,-122.0584,anonymous,EN,Work on a company project that may lead the company in a new direction,,56,Male,,Working - as a full-time paid employee,,8,558a327cfdf99b2d75651681,63924b2f5e5b8d415146515f,63927055636fca2e31976a6f
2022-12-08 15:17:31,2022-12-08 15:18:47,IP Address,76.32.195.3,100,75,True,2022-12-08 15:18:48,R_12gSXNjQfwgpka3,,,,,34.0284,-117.2872,anonymous,EN,,Work on a company project that may lead the company in a new direction,37,Male,,Working - as a full-time paid employee,,5,592bb32c943e670001cde123,63924aaf9cf6e7129ddd0692,639270863fe5c494d6cb5c42
2022-12-08 15:16:03,2022-12-08 15:19:01,IP Address,63.155.24.240,100,178,True,2022-12-08 15:19:01,R_3HLKZ30xgpQCAn4,,,,,44.0991,-123.1371,anonymous,EN,Help a colleague or friend with a company project,,40,Male,,Working - self-employed,,4,5c660497076e4e0001290b6c,63924aaf9cf6e7129ddd0692,6392702363df5a6f0263da0d
2022-12-08 15:18:34,2022-12-08 15:19:10,IP Address,68.12.81.1,100,35,True,2022-12-08 15:19:10,R_88EIPuCJenTcW9X,,,,,35.5774,-97.6412,anonymous,EN,,Work on a company project that may help you advance your career,40,Male,,Working - as a full-time paid employee,,4,5f2e00fa9832d716737ae694,63924aaf9cf6e7129ddd0692,639270c6ded7b2fea81a7a56
2022-12-08 15:11:54,2022-12-08 15:20:19,IP Address,107.77.219.166,100,504,True,2022-12-08 15:20:19,R_2BtD7pb0XzFj5Iv,,,,,29.7805,-95.5129,anonymous,EN,,Help a colleague or friend with a company project,42,Male,,Working - as a full-time paid employee,,5,62ad17e032a85a4ca119b289,63924aaf9cf6e7129ddd0692,63926f2be0e4538740cb5c60
2022-12-08 15:19:43,2022-12-08 15:20:29,IP Address,73.67.111.37,100,46,True,2022-12-08 15:20:30,R_bdvT1heSLoMNiNz,,,,,28.8064,-81.8869,anonymous,EN,Help a colleague or friend with a company project,,57,Female,,Working - as a full-time paid employee,,7,63835373664722d949bab661,63924b2f5e5b8d415146515f,639271067bb4bf339231e712
2022-12-08 15:19:59,2022-12-08 15:20:33,IP Address,73.153.102.156,100,34,True,2022-12-08 15:20:34,R_Z2Kq2ZffIZTu1gZ,,,,,39.6562,-104.7866,anonymous,EN,,Work on a company project that may help you advance your career,38,Female,,Working - as a full-time paid employee,,8,5dd0440659b1b01317872cf0,63924aaf9cf6e7129ddd0692,6392711c03b125706c73efe7
2022-12-08 15:20:11,2022-12-08 15:20:51,IP Address,68.44.24.221,100,40,True,2022-12-08 15:20:51,R_w4uEWUqPBlqjyAp,,,,,41.0537,-85.2513,anonymous,EN,Work on a company project that may help you advance your career,,50,Male,,Working - as a full-time paid employee,,8,5ca8ffbec942ab0016cfe9d2,63924aaf9cf6e7129ddd0692,6392712563df5a6f0263da23
2022-12-08 15:20:01,2022-12-08 15:21:12,IP Address,174.249.250.2,100,70,True,2022-12-08 15:21:12,R_dgQ4hkWOPKWD6sV,,,,,37.751,-97.822,anonymous,EN,Help a colleague or friend with a company project,,56,Female,,Working - as a full-time paid employee,,4,5e646461698a071f2f15423e,63924b2f5e5b8d415146515f,639271190e4f971d9949daf8
2022-12-08 15:20:45,2022-12-08 15:21:17,IP Address,67.188.171.76,100,32,True,2022-12-08 15:21:17,R_AmlBXWD5S5D9fA5,,,,,34.8395,-120.3905,anonymous,EN,,Work on a company project that may lead the company in a new direction,55,Male,,Working - as a full-time paid employee,,4,5c5dba4ed86a7f000191e5d5,63924b2f5e5b8d415146515f,63927148120288fa39976a3c
2022-12-08 15:21:04,2022-12-08 15:21:40,IP Address,97.91.54.232,100,35,True,2022-12-08 15:21:40,R_SAXMgFzuYI4ZWQF,,,,,44.2504,-85.43,anonymous,EN,Help a colleague or friend with a company project,,49,Female,,Working - as a full-time paid employee,,7,6144834d136ed7f27d2dbe60,63924aaf9cf6e7129ddd0692,6392715de0c658f06044a3a5
2022-12-08 15:21:28,2022-12-08 15:21:57,IP Address,76.177.73.250,100,29,True,2022-12-08 15:21:58,R_0rCR3PkCeBXDM9X,,,,,38.0178,-84.932,anonymous,EN,Help a colleague or friend with a company project,,57,Male,,Working - as a full-time paid employee,,6,55d7844969dbc30012b67f69,63924b2f5e5b8d415146515f,63927174725296431249dae3
2022-12-08 15:21:29,2022-12-08 15:22:03,IP Address,97.95.51.4,100,33,True,2022-12-08 15:22:03,R_1r7f9bOsqkZ68m6,,,,,43.765,-88.6057,anonymous,EN,Help a colleague or friend with a company project,,70,Male,,Working - as a full-time paid employee,,4,5c3c7913b4f22c0001a0809c,63924b2f5e5b8d415146515f,63927170408b919dc93c1dde
2022-12-08 15:21:10,2022-12-08 15:22:04,IP Address,174.109.168.194,100,53,True,2022-12-08 15:22:04,R_2qyFZKXqag8cFBP,,,,,35.5831,-78.7881,anonymous,EN,,Work on a company project that may help you advance your career,38,Female,,Working - as a full-time paid employee,,6,6091fd0d7ca27bfc3dab6b93,63924aaf9cf6e7129ddd0692,6392715f91aa2d152af15ce5
2022-12-08 15:21:58,2022-12-08 15:22:26,IP Address,98.118.105.29,100,28,True,2022-12-08 15:22:27,R_3Pe50z1ZpIYQ9sg,,,,,42.4597,-71.0638,anonymous,EN,Help a colleague or friend with a company project,,59,Male,,Working - as a full-time paid employee,,4,5dcea4c3bc83380fe65dba2a,63924b2f5e5b8d415146515f,639271917c5b26a3343c1de0
2022-12-08 15:21:41,2022-12-08 15:22:29,IP Address,152.117.104.226,100,47,True,2022-12-08 15:22:29,R_rkwuSwbnmWMIQhP,,,,,42.0373,-93.6005,anonymous,EN,,Work on a company project that may help you advance your career,44,Male,,Working - as a full-time paid employee,,6,5e175705cfe8dc000b559793,63924aaf9cf6e7129ddd0692,6392717d613b52b976469f73
2022-12-08 15:21:12,2022-12-08 15:23:19,IP Address,98.165.66.24,100,126,True,2022-12-08 15:23:19,R_0rfHPXmPTv32pYl,,,,,33.6262,-112.0074,anonymous,EN,,Work on a company project that may help you advance your career,43,Male,,Working - as a full-time paid employee,,6,5f13b19f870c8b3cccba516a,63924aaf9cf6e7129ddd0692,639271636ab0502b40a52d7d
2022-12-08 15:21:59,2022-12-08 15:23:26,IP Address,174.209.96.35,100,87,True,2022-12-08 15:23:26,R_R3OZcRNl3u5TEs1,,,,,33.8019,-84.3861,anonymous,EN,,Work on a company project that may help you advance your career,39,Female,,Working - as a full-time paid employee,,6,5df11e6cdc85350234932daa,63924aaf9cf6e7129ddd0692,6392719144154782f473efb8
2022-12-08 15:23:24,2022-12-08 15:24:09,IP Address,69.247.38.1,100,44,True,2022-12-08 15:24:09,R_3D15LVvyjvBpZYd,,,,,26.6067,-81.9507,anonymous,EN,Work on a company project that may lead the company in a new direction,,56,Male,,Working - as a full-time paid employee,,9,5e7a6846f0f631000a4e2b9d,63924b2f5e5b8d415146515f,639271e81e2e033b59a38c9a
2022-12-08 15:23:43,2022-12-08 15:24:59,IP Address,70.120.0.90,100,76,True,2022-12-08 15:24:59,R_1M5nfFhixBvBta4,,,,,29.5443,-98.5499,anonymous,EN,,Help a colleague or friend with a company project,62,Male,,Working - as a full-time paid employee,,7,5e3581ed0082f15283413024,63924b2f5e5b8d415146515f,639271f9b62892485562b8ca
2022-12-08 15:26:36,2022-12-08 15:27:36,IP Address,73.161.253.178,100,60,True,2022-12-08 15:27:37,R_3szUAHjX2jehWJ2,,,,,42.7367,-84.4758,anonymous,EN,Help a colleague or friend with a company project,,54,Female,,Working - as a full-time paid employee,,6,5ef8c7d9b630670523229373,63924b2f5e5b8d415146515f,639272a5da2ef97541144c6a
2022-12-08 15:29:28,2022-12-08 15:30:26,IP Address,167.142.114.26,100,57,True,2022-12-08 15:30:26,R_3FIFz2GHFbUTSqg,,,,,41.2946,-92.6442,anonymous,EN,,Help a colleague or friend with a company project,55,Female,,Working - as a full-time paid employee,,7,63852fbf95d78ba25b99005e,63924b2f5e5b8d415146515f,6392734fb30d2dcb26469f71
2022-12-08 15:32:41,2022-12-08 15:33:58,IP Address,104.162.78.222,100,77,True,2022-12-08 15:33:58,R_yUZDdxmLD86Oj4J,,,,,40.6208,-74.0426,anonymous,EN,Work on a company project that may lead the company in a new direction,,59,Male,,Working - as a full-time paid employee,,7,6299225c1dafef4e3554dbbd,63924b2f5e5b8d415146515f,639273ef260b057a82a52d82
2022-12-08 15:31:59,2022-12-08 15:34:56,IP Address,73.138.208.150,100,177,True,2022-12-08 15:34:57,R_piLecR7wiNzal7X,,,,,25.9823,-80.1405,anonymous,EN,,Work on a company project that may help you advance your career,59,Male,,Working - self-employed,,7,60e9e8092cfc1f464753dd71,63924b2f5e5b8d415146515f,639273e72a0ecc04636377a3
2022-12-08 15:34:38,2022-12-08 15:35:39,IP Address,98.186.39.170,100,61,True,2022-12-08 15:35:40,R_27KzUUDQEMKlhCV,,,,,37.8569,-97.2598,anonymous,EN,,Help a colleague or friend with a company project,56,Female,,Working - as a full-time paid employee,,5,60a2743299a0c895f50925f4,63924b2f5e5b8d415146515f,639274882500079fb0dd05f5
2022-12-08 15:39:15,2022-12-08 15:39:47,IP Address,76.178.28.3,100,31,True,2022-12-08 15:39:47,R_325TCczGcPjmoKj,,,,,47.7992,-116.7393,anonymous,EN,Help a colleague or friend with a company project,,58,Male,,Working - as a full-time paid employee,,6,5ce5e6c19c40b2001b3a031f,63924b2f5e5b8d415146515f,639275a0955f5298c65e4459
2022-12-08 15:39:16,2022-12-08 15:40:37,IP Address,75.118.57.218,100,80,True,2022-12-08 15:40:37,R_2CdMqlCZjoPCMgO,,,,,41.502,-82.0091,anonymous,EN,,Work on a company project that may help you advance your career,57,Male,,Working - as a full-time paid employee,,6,610f326ceebada4236a67080,63924b2f5e5b8d415146515f,6392759d76afdbefefd45c0f
2022-12-08 15:41:17,2022-12-08 15:42:20,IP Address,107.13.195.234,100,62,True,2022-12-08 15:42:21,R_3LX32CKEyioHOtT,,,,,35.6577,-78.3837,anonymous,EN,Help a colleague or friend with a company project,,55,Male,,Working - as a full-time paid employee,,5,62672c410f14e7008e2a90ee,63924b2f5e5b8d415146515f,639276163ca1995baf6d57d3
2022-12-08 15:41:26,2022-12-08 15:42:33,IP Address,69.226.230.79,100,67,True,2022-12-08 15:42:34,R_28UtuVTzKNukrx4,,,,,33.8574,-84.013,anonymous,EN,,Work on a company project that may help you advance your career,56,Male,,Working - as a full-time paid employee,,7,5dd3dc145e91193b816a60e1,63924b2f5e5b8d415146515f,639276213cef3b973aa0b837
2022-12-08 15:42:10,2022-12-08 15:43:13,IP Address,172.58.4.200,100,63,True,2022-12-08 15:43:14,R_3nGajJAxmePkyFe,,,,,33.8895,-84.2921,anonymous,EN,Work on a company project that may lead the company in a new direction,,61,Male,,Working - as a full-time paid employee,,5,5de831cad4995d000c5fb540,63924b2f5e5b8d415146515f,6392764cc9f0955cae63d9bc
2022-12-08 15:42:32,2022-12-08 15:43:34,IP Address,172.59.24.210,100,61,True,2022-12-08 15:43:34,R_bIvX71D3Js3JxwR,,,,,41.452,-81.6146,anonymous,EN,Help a colleague or friend with a company project,,56,Male,,Working - as a full-time paid employee,,6,6266a95d927943d0147dc188,63924b2f5e5b8d415146515f,63927657a31a45e6c9a38cd9
2022-12-08 15:43:24,2022-12-08 15:44:31,IP Address,73.153.11.26,100,67,True,2022-12-08 15:44:32,R_2BnsE5G7PbJp7gu,,,,,39.8294,-104.9095,anonymous,EN,,Work on a company project that may help you advance your career,54,Female,,Working - as a full-time paid employee,,6,5c44cf2da5487b00011d0b80,63924b2f5e5b8d415146515f,63927696eb8d220f045e449a
2022-12-08 15:43:41,2022-12-08 15:44:42,IP Address,24.12.44.253,100,61,True,2022-12-08 15:44:42,R_21vX93NaU1e2aaF,,,,,41.6133,-87.0446,anonymous,EN,,Work on a company project that may help you advance your career,61,Female,,Working - as a full-time paid employee,,7,609c6cc79875c8f0ba5d2242,63924b2f5e5b8d415146515f,639276a7bea17e692ac5480f
2022-12-08 15:44:20,2022-12-08 15:45:11,IP Address,68.43.243.69,100,50,True,2022-12-08 15:45:11,R_tPNvkbWHzWOJORH,,,,,43.0628,-83.629,anonymous,EN,Help a colleague or friend with a company project,,57,Male,,Working - as a full-time paid employee,,7,5ec44da606cb7931f04a35e9,63924b2f5e5b8d415146515f,639276cf490d7e7233465132
2022-12-08 15:44:18,2022-12-08 15:46:59,IP Address,76.33.168.121,100,160,True,2022-12-08 15:46:59,R_Zk5WWRap7CCN6p3,,,,,34.1994,-118.5972,anonymous,EN,Work on a company project that may help you advance your career,,56,Female,,Working - as a full-time paid employee,,4,6091b418d1cddb4526a44543,63924b2f5e5b8d415146515f,639276cd40cbc043974e9f24
2022-12-08 15:46:20,2022-12-08 15:47:13,IP Address,71.11.142.182,100,52,True,2022-12-08 15:47:13,R_1GIxXadaFAnZOH3,,,,,38.4539,-90.328,anonymous,EN,,Work on a company project that may help you advance your career,68,Female,,Working - as a full-time paid employee,,6,5dd56e51954d1952f17bb57b,63924b2f5e5b8d415146515f,63927745af77367f9744a395
2022-12-08 15:46:49,2022-12-08 15:47:28,IP Address,148.59.175.197,100,38,True,2022-12-08 15:47:28,R_1hNd7gBtvcjTtoa,,,,,35.1063,-114.5925,anonymous,EN,,Work on a company project that may help you advance your career,56,Female,,Working - as a full-time paid employee,,3,5be8de2ed3560900015c743a,63924b2f5e5b8d415146515f,63927765bba438caab1a7a48
2022-12-08 15:47:31,2022-12-08 15:48:06,IP Address,47.186.20.121,100,34,True,2022-12-08 15:48:07,R_3hGFcTJ8J3S7OAm,,,,,33.0326,-96.7859,anonymous,EN,Help a colleague or friend with a company project,,60,Male,,Working - as a full-time paid employee,,7,614662c1c31697525616534f,63924b2f5e5b8d415146515f,6392778f37ffb2317bd45c63
2022-12-08 15:47:33,2022-12-08 15:48:36,IP Address,70.191.102.214,100,63,True,2022-12-08 15:48:37,R_qxvISCt0o9cufvj,,,,,36.122,-95.9183,anonymous,EN,,Help a colleague or friend with a company project,66,Female,,Working - as a full-time paid employee,,3,638e84c70418d8a2c0aa372e,63924b2f5e5b8d415146515f,6392778e18cb9c916d80187b
2022-12-08 15:48:13,2022-12-08 15:49:00,IP Address,47.36.148.64,100,47,True,2022-12-08 15:49:00,R_3dKfrjbPaq82bZW,,,,,46.2515,-119.1034,anonymous,EN,Work on a company project that may lead the company in a new direction,,59,Female,,Working - self-employed,,6,5e1fc8d45427912f6143b012,63924b2f5e5b8d415146515f,639277b8ca7bd9db73384d39
2022-12-08 15:47:00,2022-12-08 15:50:15,IP Address,72.184.224.122,100,195,True,2022-12-08 15:50:15,R_2vccPwRxjagjgUR,,,,,28.0303,-82.7816,anonymous,EN,Help a colleague or friend with a company project,,64,Female,,Working - as a full-time paid employee,,5,5995be89f9db7d0001895993,63924b2f5e5b8d415146515f,63927766ad6af2f17a0688f0
2022-12-08 15:50:45,2022-12-08 15:51:18,IP Address,166.182.81.127,100,32,True,2022-12-08 15:51:18,R_9Wt9WlYNFD0b83v,,,,,37.751,-97.822,anonymous,EN,Help a colleague or friend with a company project,,66,Female,,Working - as a full-time paid employee,,6,5bc5552a23ecbb00012d6cb5,63924b2f5e5b8d415146515f,6392784f51d49acf28a38c9c
2022-12-08 15:49:58,2022-12-08 15:51:19,IP Address,70.57.82.233,100,80,True,2022-12-08 15:51:19,R_1256iIZzlbap5nI,,,,,37.2117,-93.299,anonymous,EN,,Help a colleague or friend with a company project,74,Male,,Working - as a full-time paid employee,,6,5484655ffdf99b07b28f22cc,63924b2f5e5b8d415146515f,639278204e115a507d73f00e
2022-12-08 15:50:21,2022-12-08 15:52:04,IP Address,98.165.241.146,100,102,True,2022-12-08 15:52:04,R_2ygu8tHd8VYRcfr,,,,,33.6069,-112.2822,anonymous,EN,,Work on a company project that may help you advance your career,58,Female,,Working - as a full-time paid employee,,5,6304e1c6e359b6e618e00ada,63924b2f5e5b8d415146515f,639278387026977795e9dfb9
2022-12-08 15:52:03,2022-12-08 15:52:37,IP Address,104.10.217.193,100,33,True,2022-12-08 15:52:37,R_1kIJgmIoH5jPVQo,,,,,41.7517,-88.2414,anonymous,EN,Work on a company project that may help you advance your career,,55,Female,,Working - as a full-time paid employee,,6,601cbb3526aa517be4a924ce,63924b2f5e5b8d415146515f,6392789e2c61ba433b3c1d83
2022-12-08 15:52:46,2022-12-08 15:53:54,IP Address,72.86.133.57,100,67,True,2022-12-08 15:53:55,R_R5j0HL6cBv253BD,,,,,40.6322,-75.8563,anonymous,EN,Help a colleague or friend with a company project,,61,Male,,Working - as a full-time paid employee,,3,5c506a7b8ac59200014d05da,63924b2f5e5b8d415146515f,639278ad3b50510dfd62b8f9
2022-12-08 15:53:51,2022-12-08 15:54:21,IP Address,174.172.208.17,100,30,True,2022-12-08 15:54:22,R_3PMPjr3TiGDD4eX,,,,,37.751,-97.822,anonymous,EN,Work on a company project that may help you advance your career,,54,Male,,Working - as a full-time paid employee,,7,6307bee7b345c1bf0fb2f362,63924b2f5e5b8d415146515f,6392790938477cc4e6a52d77
2022-12-08 15:53:31,2022-12-08 15:54:55,IP Address,99.174.254.22,100,83,True,2022-12-08 15:54:55,R_dpetw925pfX4lMt,,,,,32.7449,-117.165,anonymous,EN,,Work on a company project that may lead the company in a new direction,58,Female,,Working - self-employed,,3,6368241117f4ca6d6fcbc7f3,63924b2f5e5b8d415146515f,639278f68e168167bb801870
2022-12-08 15:51:21,2022-12-08 15:55:45,IP Address,66.196.15.87,100,263,True,2022-12-08 15:55:45,R_3PS19Ac6kYgUQz0,,,,,31.5822,-97.1768,anonymous,EN,,Work on a company project that may help you advance your career,60,Female,,Working - self-employed,,3,63192b009a902051e89fabf1,63924b2f5e5b8d415146515f,63927873fbc6f7ff5edddb22
2022-12-08 15:55:07,2022-12-08 15:56:15,IP Address,73.17.135.74,100,67,True,2022-12-08 15:56:15,R_32WveQaO1TcXhsx,,,,,42.5327,-71.0339,anonymous,EN,,Work on a company project that may help you advance your career,66,Male,,Working - self-employed,,6,5d1511f1e814b800016108a6,63924b2f5e5b8d415146515f,6392794a66c4ba108344a386
2022-12-08 15:54:53,2022-12-08 15:56:18,IP Address,206.74.105.224,100,84,True,2022-12-08 15:56:18,R_12JEEGCdKRDXjpa,,,,,34.1852,-82.3778,anonymous,EN,,Work on a company project that may lead the company in a new direction,58,Female,,Working - as a full-time paid employee,,6,5b2bfb37163ead00013fb8b4,63924b2f5e5b8d415146515f,63927949ed37c95f70d45bf0
2022-12-08 15:56:04,2022-12-08 15:56:44,IP Address,209.122.50.27,100,39,True,2022-12-08 15:56:45,R_1CEN3UysAX2fcCA,,,,,42.0128,-88.0967,anonymous,EN,Work on a company project that may help you advance your career,,56,Male,,Working - as a full-time paid employee,,8,5ed856266cb96135ff953e31,63924b2f5e5b8d415146515f,63927990e6cb0d1d01712c15
2022-12-08 15:55:57,2022-12-08 15:57:18,IP Address,71.28.123.86,100,80,True,2022-12-08 15:57:19,R_2WuqEJ19sEEMxXv,,,,,38.5382,-82.9213,anonymous,EN,Work on a company project that may help you advance your career,,60,Female,,Working - as a full-time paid employee,,5,5bbf523d83f9790001ce549a,63924b2f5e5b8d415146515f,6392798cd4faad5924068909
2022-12-08 15:56:33,2022-12-08 15:57:30,IP Address,67.185.127.99,100,57,True,2022-12-08 15:57:31,R_OBAAnxHAxtS3Wnv,,,,,47.8388,-122.1985,anonymous,EN,,Work on a company project that may lead the company in a new direction,64,Female,,Working - as a full-time paid employee,,5,629d16db307da2e64ea7b1e7,63924b2f5e5b8d415146515f,639279ab26cfebe9345e4497
2022-12-08 15:57:13,2022-12-08 15:58:11,IP Address,174.238.131.5,100,58,True,2022-12-08 15:58:12,R_1mOYRjunqXIQdQa,,,,,33.5768,-112.2348,anonymous,EN,Help a colleague or friend with a company project,,63,Female,,Working - self-employed,,7,638b9983a3bbe44e543fe28d,63924b2f5e5b8d415146515f,639279d2d70f4efd84976a2a
2022-12-08 15:56:09,2022-12-08 15:58:42,IP Address,35.142.217.211,100,152,True,2022-12-08 15:58:42,R_3DbU7IYncUwc40R,,,,,27.4843,-82.5813,anonymous,EN,,Work on a company project that may lead the company in a new direction,61,Male,,Working - as a full-time paid employee,,9,609a5974625e18ab158c9a3e,63924b2f5e5b8d415146515f,6392798e7dbf81532f5e4459
2022-12-08 15:59:41,2022-12-08 16:00:22,IP Address,65.27.154.30,100,40,True,2022-12-08 16:00:22,R_3oMk3t73UJEiZu2,,,,,40.1117,-82.9728,anonymous,EN,Help a colleague or friend with a company project,,62,Female,,Working - as a full-time paid employee,,9,5c64c8c458987100010e9db7,63924b2f5e5b8d415146515f,63927a3e27853c6b37dddb59
2022-12-08 15:59:16,2022-12-08 16:08:24,IP Address,72.83.137.234,100,547,True,2022-12-08 16:08:25,R_2VfhL6Ps2BKHTKd,,,,,38.8476,-77.3281,anonymous,EN,,Work on a company project that may help you advance your career,55,Female,,Working - as a full-time paid employee,,5,5dd3cfb7b103ee3b428185b2,63924b2f5e5b8d415146515f,63927a52023621fa0e49db05
